date,product_id,units
2026-06-04,P01,8
2026-06-05,P01,8
2026-06-06,P01,9
2026-06-07,P01,7
2026-06-08,P01,5
2026-06-09,P01,7
2026-06-10,P01,1
2026-06-11,P01,7
2026-06-12,P01,8
2026-06-13,P01,5
2026-06-14,P01,8
2026-06-15,P01,1
2026-06-16,P01,5
2026-06-17,P01,5
2026-06-18,P01,9
2026-06-19,P01,5
2026-06-20,P01,8
2026-06-21,P01,3
2026-06-22,P01,3
2026-06-23,P01,4
2026-06-24,P01,7
2026-06-25,P01,5
2026-06-26,P01,6
2026-06-27,P01,6
2026-06-28,P01,8
2026-06-29,P01,3
2026-06-30,P01,10
2026-07-01,P01,6
2026-07-02,P01,7
2026-07-03,P01,2
2026-07-04,P01,6
2026-07-05,P01,6
2026-07-06,P01,6
2026-07-07,P01,4
2026-07-08,P01,6
2026-07-09,P01,7
2026-07-10,P01,7
2026-07-11,P01,5
2026-07-12,P01,5
2026-07-13,P01,2
2026-07-14,P01,2
2026-07-15,P01,7
2026-07-16,P01,4
2026-07-17,P01,3
2026-07-18,P01,9
2026-07-19,P01,7
2026-07-20,P01,4
2026-07-21,P01,5
2026-07-22,P01,10
2026-07-23,P01,6
2026-07-24,P01,10
2026-07-25,P01,6
2026-07-26,P01,7
2026-07-27,P01,6
2026-07-28,P01,4
2026-07-29,P01,8
2026-07-30,P01,7
2026-07-31,P01,5
2026-08-01,P01,8
2026-08-02,P01,5
2026-08-03,P01,3
2026-08-04,P01,4
2026-08-05,P01,1
2026-08-06,P01,7
2026-08-07,P01,4
2026-08-08,P01,7
2026-08-09,P01,5
2026-08-10,P01,4
2026-08-11,P01,8
2026-08-12,P01,7
2026-08-13,P01,4
2026-08-14,P01,11
2026-08-15,P01,4
2026-08-16,P01,8
2026-08-17,P01,10
2026-08-18,P01,5
2026-08-19,P01,4
2026-08-20,P01,2
2026-08-21,P01,6
2026-08-22,P01,8
2026-08-23,P01,3
2026-08-24,P01,8
2026-08-25,P01,5
2026-08-26,P01,2
2026-08-27,P01,4
2026-08-28,P01,8
2026-08-29,P01,11
2026-08-30,P01,5
2026-08-31,P01,3
2026-09-01,P01,2
2026-09-02,P01,12
2026-09-03,P01,9
2026-09-04,P01,8
2026-09-05,P01,6
2026-09-06,P01,7
2026-09-07,P01,3
2026-09-08,P01,4
2026-09-09,P01,14
2026-09-10,P01,16
2026-09-11,P01,18
2026-09-12,P01,5
2026-09-13,P01,6
2026-09-14,P01,8
2026-09-15,P01,2
2026-09-16,P01,9
2026-09-17,P01,7
2026-09-18,P01,8
2026-09-19,P01,10
2026-09-20,P01,3
2026-09-21,P01,2
2026-09-22,P01,3
2026-09-23,P01,2
2026-09-24,P01,5
2026-09-25,P01,2
2026-09-26,P01,8
2026-09-27,P01,5
2026-09-28,P01,3
2026-09-29,P01,2
2026-09-30,P01,2
2026-10-01,P01,5
2026-10-02,P01,10
2026-10-03,P01,7
2026-10-04,P01,2
2026-10-05,P01,7
2026-10-06,P01,5
2026-10-07,P01,3
2026-10-08,P01,5
2026-10-09,P01,4
2026-10-10,P01,9
2026-10-11,P01,4
2026-10-12,P01,6
2026-10-13,P01,5
2026-10-14,P01,9
2026-10-15,P01,5
2026-10-16,P01,6
2026-10-17,P01,8
2026-10-18,P01,4
2026-10-19,P01,6
2026-10-20,P01,4
2026-10-21,P01,6
2026-10-22,P01,8
2026-10-23,P01,6
2026-10-24,P01,8
2026-10-25,P01,4
2026-10-26,P01,5
2026-10-27,P01,7
2026-10-28,P01,8
2026-10-29,P01,6
2026-10-30,P01,2
2026-10-31,P01,10
2026-06-04,P02,3
2026-06-05,P02,7
2026-06-06,P02,1
2026-06-07,P02,2
2026-06-08,P02,2
2026-06-09,P02,6
2026-06-10,P02,4
2026-06-11,P02,3
2026-06-12,P02,9
2026-06-13,P02,7
2026-06-14,P02,2
2026-06-15,P02,3
2026-06-16,P02,4
2026-06-17,P02,3
2026-06-18,P02,5
2026-06-19,P02,7
2026-06-20,P02,1
2026-06-21,P02,7
2026-06-22,P02,9
2026-06-23,P02,4
2026-06-24,P02,3
2026-06-25,P02,3
2026-06-26,P02,5
2026-06-27,P02,4
2026-06-28,P02,4
2026-06-29,P02,4
2026-06-30,P02,4
2026-07-01,P02,6
2026-07-02,P02,4
2026-07-03,P02,9
2026-07-04,P02,4
2026-07-05,P02,2
2026-07-06,P02,0
2026-07-07,P02,2
2026-07-08,P02,3
2026-07-09,P02,5
2026-07-10,P02,6
2026-07-11,P02,3
2026-07-12,P02,1
2026-07-13,P02,4
2026-07-14,P02,6
2026-07-15,P02,4
2026-07-16,P02,3
2026-07-17,P02,3
2026-07-18,P02,6
2026-07-19,P02,3
2026-07-20,P02,0
2026-07-21,P02,5
2026-07-22,P02,3
2026-07-23,P02,3
2026-07-24,P02,2
2026-07-25,P02,3
2026-07-26,P02,2
2026-07-27,P02,5
2026-07-28,P02,1
2026-07-29,P02,7
2026-07-30,P02,5
2026-07-31,P02,7
2026-08-01,P02,2
2026-08-02,P02,7
2026-08-03,P02,4
2026-08-04,P02,4
2026-08-05,P02,1
2026-08-06,P02,5
2026-08-07,P02,6
2026-08-08,P02,2
2026-08-09,P02,2
2026-08-10,P02,2
2026-08-11,P02,2
2026-08-12,P02,5
2026-08-13,P02,7
2026-08-14,P02,10
2026-08-15,P02,4
2026-08-16,P02,2
2026-08-17,P02,4
2026-08-18,P02,2
2026-08-19,P02,3
2026-08-20,P02,2
2026-08-21,P02,7
2026-08-22,P02,2
2026-08-23,P02,4
2026-08-24,P02,2
2026-08-25,P02,3
2026-08-26,P02,5
2026-08-27,P02,3
2026-08-28,P02,3
2026-08-29,P02,12
2026-08-30,P02,4
2026-08-31,P02,1
2026-09-01,P02,4
2026-09-02,P02,3
2026-09-03,P02,4
2026-09-04,P02,1
2026-09-05,P02,5
2026-09-06,P02,5
2026-09-07,P02,5
2026-09-08,P02,4
2026-09-09,P02,7
2026-09-10,P02,9
2026-09-11,P02,10
2026-09-12,P02,5
2026-09-13,P02,8
2026-09-14,P02,6
2026-09-15,P02,5
2026-09-16,P02,3
2026-09-17,P02,5
2026-09-18,P02,3
2026-09-19,P02,3
2026-09-20,P02,7
2026-09-21,P02,3
2026-09-22,P02,3
2026-09-23,P02,3
2026-09-24,P02,11
2026-09-25,P02,1
2026-09-26,P02,5
2026-09-27,P02,7
2026-09-28,P02,5
2026-09-29,P02,2
2026-09-30,P02,5
2026-10-01,P02,5
2026-10-02,P02,4
2026-10-03,P02,6
2026-10-04,P02,0
2026-10-05,P02,3
2026-10-06,P02,3
2026-10-07,P02,3
2026-10-08,P02,7
2026-10-09,P02,5
2026-10-10,P02,3
2026-10-11,P02,5
2026-10-12,P02,3
2026-10-13,P02,2
2026-10-14,P02,3
2026-10-15,P02,4
2026-10-16,P02,7
2026-10-17,P02,7
2026-10-18,P02,4
2026-10-19,P02,6
2026-10-20,P02,9
2026-10-21,P02,7
2026-10-22,P02,5
2026-10-23,P02,4
2026-10-24,P02,2
2026-10-25,P02,3
2026-10-26,P02,5
2026-10-27,P02,3
2026-10-28,P02,8
2026-10-29,P02,6
2026-10-30,P02,4
2026-10-31,P02,1
2026-06-04,P03,15
2026-06-05,P03,18
2026-06-06,P03,19
2026-06-07,P03,12
2026-06-08,P03,10
2026-06-09,P03,11
2026-06-10,P03,11
2026-06-11,P03,12
2026-06-12,P03,21
2026-06-13,P03,19
2026-06-14,P03,10
2026-06-15,P03,20
2026-06-16,P03,15
2026-06-17,P03,15
2026-06-18,P03,15
2026-06-19,P03,11
2026-06-20,P03,18
2026-06-21,P03,7
2026-06-22,P03,13
2026-06-23,P03,11
2026-06-24,P03,17
2026-06-25,P03,18
2026-06-26,P03,19
2026-06-27,P03,16
2026-06-28,P03,21
2026-06-29,P03,14
2026-06-30,P03,17
2026-07-01,P03,14
2026-07-02,P03,20
2026-07-03,P03,15
2026-07-04,P03,12
2026-07-05,P03,17
2026-07-06,P03,10
2026-07-07,P03,12
2026-07-08,P03,13
2026-07-09,P03,11
2026-07-10,P03,16
2026-07-11,P03,12
2026-07-12,P03,11
2026-07-13,P03,21
2026-07-14,P03,14
2026-07-15,P03,12
2026-07-16,P03,11
2026-07-17,P03,17
2026-07-18,P03,16
2026-07-19,P03,13
2026-07-20,P03,12
2026-07-21,P03,9
2026-07-22,P03,19
2026-07-23,P03,11
2026-07-24,P03,17
2026-07-25,P03,14
2026-07-26,P03,16
2026-07-27,P03,7
2026-07-28,P03,15
2026-07-29,P03,18
2026-07-30,P03,15
2026-07-31,P03,15
2026-08-01,P03,22
2026-08-02,P03,9
2026-08-03,P03,16
2026-08-04,P03,14
2026-08-05,P03,14
2026-08-06,P03,11
2026-08-07,P03,14
2026-08-08,P03,18
2026-08-09,P03,16
2026-08-10,P03,14
2026-08-11,P03,11
2026-08-12,P03,11
2026-08-13,P03,13
2026-08-14,P03,37
2026-08-15,P03,17
2026-08-16,P03,18
2026-08-17,P03,15
2026-08-18,P03,15
2026-08-19,P03,17
2026-08-20,P03,14
2026-08-21,P03,19
2026-08-22,P03,12
2026-08-23,P03,17
2026-08-24,P03,19
2026-08-25,P03,19
2026-08-26,P03,11
2026-08-27,P03,8
2026-08-28,P03,14
2026-08-29,P03,16
2026-08-30,P03,11
2026-08-31,P03,18
2026-09-01,P03,18
2026-09-02,P03,22
2026-09-03,P03,9
2026-09-04,P03,16
2026-09-05,P03,11
2026-09-06,P03,5
2026-09-07,P03,9
2026-09-08,P03,13
2026-09-09,P03,27
2026-09-10,P03,33
2026-09-11,P03,38
2026-09-12,P03,16
2026-09-13,P03,18
2026-09-14,P03,14
2026-09-15,P03,12
2026-09-16,P03,22
2026-09-17,P03,15
2026-09-18,P03,13
2026-09-19,P03,32
2026-09-20,P03,13
2026-09-21,P03,9
2026-09-22,P03,13
2026-09-23,P03,12
2026-09-24,P03,9
2026-09-25,P03,24
2026-09-26,P03,16
2026-09-27,P03,13
2026-09-28,P03,11
2026-09-29,P03,19
2026-09-30,P03,13
2026-10-01,P03,27
2026-10-02,P03,14
2026-10-03,P03,15
2026-10-04,P03,16
2026-10-05,P03,16
2026-10-06,P03,12
2026-10-07,P03,16
2026-10-08,P03,12
2026-10-09,P03,17
2026-10-10,P03,22
2026-10-11,P03,9
2026-10-12,P03,17
2026-10-13,P03,15
2026-10-14,P03,12
2026-10-15,P03,14
2026-10-16,P03,12
2026-10-17,P03,13
2026-10-18,P03,8
2026-10-19,P03,11
2026-10-20,P03,11
2026-10-21,P03,13
2026-10-22,P03,12
2026-10-23,P03,10
2026-10-24,P03,12
2026-10-25,P03,14
2026-10-26,P03,12
2026-10-27,P03,20
2026-10-28,P03,12
2026-10-29,P03,17
2026-10-30,P03,18
2026-10-31,P03,17
2026-06-04,P04,6
2026-06-05,P04,12
2026-06-06,P04,12
2026-06-07,P04,10
2026-06-08,P04,16
2026-06-09,P04,16
2026-06-10,P04,9
2026-06-11,P04,10
2026-06-12,P04,13
2026-06-13,P04,11
2026-06-14,P04,10
2026-06-15,P04,15
2026-06-16,P04,11
2026-06-17,P04,15
2026-06-18,P04,6
2026-06-19,P04,15
2026-06-20,P04,14
2026-06-21,P04,5
2026-06-22,P04,8
2026-06-23,P04,16
2026-06-24,P04,9
2026-06-25,P04,13
2026-06-26,P04,8
2026-06-27,P04,17
2026-06-28,P04,17
2026-06-29,P04,18
2026-06-30,P04,9
2026-07-01,P04,10
2026-07-02,P04,16
2026-07-03,P04,15
2026-07-04,P04,11
2026-07-05,P04,7
2026-07-06,P04,10
2026-07-07,P04,9
2026-07-08,P04,10
2026-07-09,P04,10
2026-07-10,P04,10
2026-07-11,P04,11
2026-07-12,P04,11
2026-07-13,P04,10
2026-07-14,P04,20
2026-07-15,P04,16
2026-07-16,P04,4
2026-07-17,P04,12
2026-07-18,P04,13
2026-07-19,P04,14
2026-07-20,P04,12
2026-07-21,P04,15
2026-07-22,P04,11
2026-07-23,P04,15
2026-07-24,P04,12
2026-07-25,P04,11
2026-07-26,P04,8
2026-07-27,P04,8
2026-07-28,P04,12
2026-07-29,P04,9
2026-07-30,P04,13
2026-07-31,P04,20
2026-08-01,P04,12
2026-08-02,P04,10
2026-08-03,P04,11
2026-08-04,P04,10
2026-08-05,P04,9
2026-08-06,P04,2
2026-08-07,P04,12
2026-08-08,P04,9
2026-08-09,P04,12
2026-08-10,P04,12
2026-08-11,P04,15
2026-08-12,P04,10
2026-08-13,P04,15
2026-08-14,P04,21
2026-08-15,P04,9
2026-08-16,P04,13
2026-08-17,P04,13
2026-08-18,P04,6
2026-08-19,P04,8
2026-08-20,P04,10
2026-08-21,P04,12
2026-08-22,P04,17
2026-08-23,P04,11
2026-08-24,P04,13
2026-08-25,P04,8
2026-08-26,P04,10
2026-08-27,P04,11
2026-08-28,P04,10
2026-08-29,P04,11
2026-08-30,P04,15
2026-08-31,P04,7
2026-09-01,P04,15
2026-09-02,P04,7
2026-09-03,P04,14
2026-09-04,P04,14
2026-09-05,P04,11
2026-09-06,P04,8
2026-09-07,P04,6
2026-09-08,P04,12
2026-09-09,P04,29
2026-09-10,P04,25
2026-09-11,P04,25
2026-09-12,P04,12
2026-09-13,P04,11
2026-09-14,P04,8
2026-09-15,P04,6
2026-09-16,P04,14
2026-09-17,P04,16
2026-09-18,P04,6
2026-09-19,P04,14
2026-09-20,P04,12
2026-09-21,P04,12
2026-09-22,P04,10
2026-09-23,P04,8
2026-09-24,P04,11
2026-09-25,P04,5
2026-09-26,P04,13
2026-09-27,P04,13
2026-09-28,P04,12
2026-09-29,P04,12
2026-09-30,P04,12
2026-10-01,P04,9
2026-10-02,P04,17
2026-10-03,P04,7
2026-10-04,P04,8
2026-10-05,P04,15
2026-10-06,P04,12
2026-10-07,P04,10
2026-10-08,P04,13
2026-10-09,P04,11
2026-10-10,P04,8
2026-10-11,P04,10
2026-10-12,P04,11
2026-10-13,P04,6
2026-10-14,P04,14
2026-10-15,P04,6
2026-10-16,P04,21
2026-10-17,P04,18
2026-10-18,P04,11
2026-10-19,P04,15
2026-10-20,P04,18
2026-10-21,P04,9
2026-10-22,P04,11
2026-10-23,P04,12
2026-10-24,P04,8
2026-10-25,P04,8
2026-10-26,P04,7
2026-10-27,P04,11
2026-10-28,P04,7
2026-10-29,P04,10
2026-10-30,P04,18
2026-10-31,P04,18
2026-06-04,P05,23
2026-06-05,P05,22
2026-06-06,P05,23
2026-06-07,P05,28
2026-06-08,P05,22
2026-06-09,P05,18
2026-06-10,P05,16
2026-06-11,P05,18
2026-06-12,P05,34
2026-06-13,P05,18
2026-06-14,P05,18
2026-06-15,P05,15
2026-06-16,P05,17
2026-06-17,P05,19
2026-06-18,P05,21
2026-06-19,P05,22
2026-06-20,P05,9
2026-06-21,P05,21
2026-06-22,P05,19
2026-06-23,P05,10
2026-06-24,P05,16
2026-06-25,P05,17
2026-06-26,P05,23
2026-06-27,P05,18
2026-06-28,P05,11
2026-06-29,P05,17
2026-06-30,P05,17
2026-07-01,P05,19
2026-07-02,P05,20
2026-07-03,P05,21
2026-07-04,P05,17
2026-07-05,P05,14
2026-07-06,P05,19
2026-07-07,P05,19
2026-07-08,P05,15
2026-07-09,P05,11
2026-07-10,P05,27
2026-07-11,P05,21
2026-07-12,P05,17
2026-07-13,P05,23
2026-07-14,P05,21
2026-07-15,P05,19
2026-07-16,P05,15
2026-07-17,P05,24
2026-07-18,P05,23
2026-07-19,P05,22
2026-07-20,P05,17
2026-07-21,P05,17
2026-07-22,P05,12
2026-07-23,P05,23
2026-07-24,P05,19
2026-07-25,P05,21
2026-07-26,P05,24
2026-07-27,P05,19
2026-07-28,P05,19
2026-07-29,P05,17
2026-07-30,P05,19
2026-07-31,P05,20
2026-08-01,P05,24
2026-08-02,P05,13
2026-08-03,P05,15
2026-08-04,P05,14
2026-08-05,P05,15
2026-08-06,P05,27
2026-08-07,P05,27
2026-08-08,P05,25
2026-08-09,P05,17
2026-08-10,P05,20
2026-08-11,P05,16
2026-08-12,P05,21
2026-08-13,P05,24
2026-08-14,P05,27
2026-08-15,P05,35
2026-08-16,P05,15
2026-08-17,P05,23
2026-08-18,P05,18
2026-08-19,P05,16
2026-08-20,P05,13
2026-08-21,P05,25
2026-08-22,P05,19
2026-08-23,P05,19
2026-08-24,P05,15
2026-08-25,P05,13
2026-08-26,P05,21
2026-08-27,P05,13
2026-08-28,P05,19
2026-08-29,P05,16
2026-08-30,P05,18
2026-08-31,P05,14
2026-09-01,P05,23
2026-09-02,P05,20
2026-09-03,P05,11
2026-09-04,P05,20
2026-09-05,P05,27
2026-09-06,P05,21
2026-09-07,P05,20
2026-09-08,P05,15
2026-09-09,P05,31
2026-09-10,P05,42
2026-09-11,P05,39
2026-09-12,P05,23
2026-09-13,P05,26
2026-09-14,P05,23
2026-09-15,P05,23
2026-09-16,P05,20
2026-09-17,P05,20
2026-09-18,P05,12
2026-09-19,P05,14
2026-09-20,P05,16
2026-09-21,P05,13
2026-09-22,P05,20
2026-09-23,P05,15
2026-09-24,P05,17
2026-09-25,P05,18
2026-09-26,P05,20
2026-09-27,P05,22
2026-09-28,P05,14
2026-09-29,P05,17
2026-09-30,P05,20
2026-10-01,P05,20
2026-10-02,P05,19
2026-10-03,P05,25
2026-10-04,P05,17
2026-10-05,P05,14
2026-10-06,P05,14
2026-10-07,P05,22
2026-10-08,P05,16
2026-10-09,P05,25
2026-10-10,P05,23
2026-10-11,P05,21
2026-10-12,P05,17
2026-10-13,P05,16
2026-10-14,P05,17
2026-10-15,P05,17
2026-10-16,P05,29
2026-10-17,P05,22
2026-10-18,P05,12
2026-10-19,P05,15
2026-10-20,P05,18
2026-10-21,P05,13
2026-10-22,P05,19
2026-10-23,P05,21
2026-10-24,P05,14
2026-10-25,P05,19
2026-10-26,P05,32
2026-10-27,P05,20
2026-10-28,P05,16
2026-10-29,P05,30
2026-10-30,P05,29
2026-10-31,P05,24
2026-06-04,P06,3
2026-06-05,P06,2
2026-06-06,P06,2
2026-06-07,P06,2
2026-06-08,P06,4
2026-06-09,P06,2
2026-06-10,P06,4
2026-06-11,P06,1
2026-06-12,P06,3
2026-06-13,P06,2
2026-06-14,P06,4
2026-06-15,P06,2
2026-06-16,P06,1
2026-06-17,P06,0
2026-06-18,P06,4
2026-06-19,P06,3
2026-06-20,P06,2
2026-06-21,P06,2
2026-06-22,P06,7
2026-06-23,P06,1
2026-06-24,P06,1
2026-06-25,P06,1
2026-06-26,P06,2
2026-06-27,P06,5
2026-06-28,P06,3
2026-06-29,P06,4
2026-06-30,P06,2
2026-07-01,P06,0
2026-07-02,P06,5
2026-07-03,P06,3
2026-07-04,P06,3
2026-07-05,P06,2
2026-07-06,P06,3
2026-07-07,P06,1
2026-07-08,P06,1
2026-07-09,P06,3
2026-07-10,P06,2
2026-07-11,P06,8
2026-07-12,P06,2
2026-07-13,P06,4
2026-07-14,P06,1
2026-07-15,P06,2
2026-07-16,P06,3
2026-07-17,P06,3
2026-07-18,P06,7
2026-07-19,P06,1
2026-07-20,P06,1
2026-07-21,P06,3
2026-07-22,P06,7
2026-07-23,P06,0
2026-07-24,P06,1
2026-07-25,P06,1
2026-07-26,P06,5
2026-07-27,P06,2
2026-07-28,P06,2
2026-07-29,P06,4
2026-07-30,P06,2
2026-07-31,P06,1
2026-08-01,P06,2
2026-08-02,P06,2
2026-08-03,P06,4
2026-08-04,P06,0
2026-08-05,P06,3
2026-08-06,P06,3
2026-08-07,P06,2
2026-08-08,P06,4
2026-08-09,P06,0
2026-08-10,P06,2
2026-08-11,P06,1
2026-08-12,P06,0
2026-08-13,P06,0
2026-08-14,P06,8
2026-08-15,P06,1
2026-08-16,P06,6
2026-08-17,P06,2
2026-08-18,P06,3
2026-08-19,P06,1
2026-08-20,P06,0
2026-08-21,P06,3
2026-08-22,P06,1
2026-08-23,P06,4
2026-08-24,P06,1
2026-08-25,P06,7
2026-08-26,P06,0
2026-08-27,P06,1
2026-08-28,P06,4
2026-08-29,P06,2
2026-08-30,P06,2
2026-08-31,P06,3
2026-09-01,P06,3
2026-09-02,P06,2
2026-09-03,P06,1
2026-09-04,P06,1
2026-09-05,P06,3
2026-09-06,P06,4
2026-09-07,P06,4
2026-09-08,P06,3
2026-09-09,P06,2
2026-09-10,P06,3
2026-09-11,P06,5
2026-09-12,P06,5
2026-09-13,P06,5
2026-09-14,P06,1
2026-09-15,P06,0
2026-09-16,P06,1
2026-09-17,P06,2
2026-09-18,P06,1
2026-09-19,P06,4
2026-09-20,P06,5
2026-09-21,P06,2
2026-09-22,P06,2
2026-09-23,P06,0
2026-09-24,P06,0
2026-09-25,P06,1
2026-09-26,P06,5
2026-09-27,P06,1
2026-09-28,P06,1
2026-09-29,P06,0
2026-09-30,P06,5
2026-10-01,P06,4
2026-10-02,P06,0
2026-10-03,P06,2
2026-10-04,P06,3
2026-10-05,P06,2
2026-10-06,P06,1
2026-10-07,P06,5
2026-10-08,P06,1
2026-10-09,P06,3
2026-10-10,P06,4
2026-10-11,P06,3
2026-10-12,P06,2
2026-10-13,P06,2
2026-10-14,P06,2
2026-10-15,P06,1
2026-10-16,P06,6
2026-10-17,P06,4
2026-10-18,P06,1
2026-10-19,P06,2
2026-10-20,P06,2
2026-10-21,P06,1
2026-10-22,P06,1
2026-10-23,P06,6
2026-10-24,P06,1
2026-10-25,P06,2
2026-10-26,P06,0
2026-10-27,P06,1
2026-10-28,P06,2
2026-10-29,P06,4
2026-10-30,P06,2
2026-10-31,P06,6
2026-06-04,P07,0
2026-06-05,P07,2
2026-06-06,P07,0
2026-06-07,P07,2
2026-06-08,P07,0
2026-06-09,P07,2
2026-06-10,P07,4
2026-06-11,P07,1
2026-06-12,P07,0
2026-06-13,P07,4
2026-06-14,P07,3
2026-06-15,P07,3
2026-06-16,P07,1
2026-06-17,P07,3
2026-06-18,P07,2
2026-06-19,P07,7
2026-06-20,P07,4
2026-06-21,P07,2
2026-06-22,P07,2
2026-06-23,P07,5
2026-06-24,P07,1
2026-06-25,P07,4
2026-06-26,P07,8
2026-06-27,P07,2
2026-06-28,P07,2
2026-06-29,P07,2
2026-06-30,P07,0
2026-07-01,P07,2
2026-07-02,P07,0
2026-07-03,P07,0
2026-07-04,P07,1
2026-07-05,P07,3
2026-07-06,P07,1
2026-07-07,P07,3
2026-07-08,P07,2
2026-07-09,P07,2
2026-07-10,P07,4
2026-07-11,P07,6
2026-07-12,P07,5
2026-07-13,P07,3
2026-07-14,P07,2
2026-07-15,P07,2
2026-07-16,P07,1
2026-07-17,P07,6
2026-07-18,P07,4
2026-07-19,P07,1
2026-07-20,P07,0
2026-07-21,P07,5
2026-07-22,P07,1
2026-07-23,P07,2
2026-07-24,P07,1
2026-07-25,P07,1
2026-07-26,P07,4
2026-07-27,P07,2
2026-07-28,P07,3
2026-07-29,P07,5
2026-07-30,P07,2
2026-07-31,P07,4
2026-08-01,P07,3
2026-08-02,P07,1
2026-08-03,P07,2
2026-08-04,P07,2
2026-08-05,P07,2
2026-08-06,P07,1
2026-08-07,P07,1
2026-08-08,P07,1
2026-08-09,P07,2
2026-08-10,P07,4
2026-08-11,P07,1
2026-08-12,P07,1
2026-08-13,P07,3
2026-08-14,P07,5
2026-08-15,P07,0
2026-08-16,P07,2
2026-08-17,P07,1
2026-08-18,P07,0
2026-08-19,P07,3
2026-08-20,P07,0
2026-08-21,P07,1
2026-08-22,P07,3
2026-08-23,P07,0
2026-08-24,P07,0
2026-08-25,P07,2
2026-08-26,P07,2
2026-08-27,P07,1
2026-08-28,P07,8
2026-08-29,P07,6
2026-08-30,P07,4
2026-08-31,P07,6
2026-09-01,P07,4
2026-09-02,P07,1
2026-09-03,P07,2
2026-09-04,P07,3
2026-09-05,P07,1
2026-09-06,P07,3
2026-09-07,P07,1
2026-09-08,P07,2
2026-09-09,P07,3
2026-09-10,P07,4
2026-09-11,P07,11
2026-09-12,P07,6
2026-09-13,P07,2
2026-09-14,P07,1
2026-09-15,P07,1
2026-09-16,P07,4
2026-09-17,P07,0
2026-09-18,P07,1
2026-09-19,P07,1
2026-09-20,P07,1
2026-09-21,P07,4
2026-09-22,P07,1
2026-09-23,P07,2
2026-09-24,P07,4
2026-09-25,P07,1
2026-09-26,P07,3
2026-09-27,P07,4
2026-09-28,P07,2
2026-09-29,P07,1
2026-09-30,P07,3
2026-10-01,P07,5
2026-10-02,P07,1
2026-10-03,P07,2
2026-10-04,P07,2
2026-10-05,P07,3
2026-10-06,P07,1
2026-10-07,P07,3
2026-10-08,P07,2
2026-10-09,P07,2
2026-10-10,P07,1
2026-10-11,P07,2
2026-10-12,P07,1
2026-10-13,P07,4
2026-10-14,P07,1
2026-10-15,P07,4
2026-10-16,P07,5
2026-10-17,P07,1
2026-10-18,P07,1
2026-10-19,P07,4
2026-10-20,P07,5
2026-10-21,P07,3
2026-10-22,P07,3
2026-10-23,P07,2
2026-10-24,P07,3
2026-10-25,P07,2
2026-10-26,P07,3
2026-10-27,P07,2
2026-10-28,P07,2
2026-10-29,P07,0
2026-10-30,P07,1
2026-10-31,P07,3
2026-06-04,P08,2
2026-06-05,P08,5
2026-06-06,P08,4
2026-06-07,P08,2
2026-06-08,P08,2
2026-06-09,P08,2
2026-06-10,P08,3
2026-06-11,P08,1
2026-06-12,P08,1
2026-06-13,P08,3
2026-06-14,P08,3
2026-06-15,P08,6
2026-06-16,P08,2
2026-06-17,P08,2
2026-06-18,P08,4
2026-06-19,P08,3
2026-06-20,P08,3
2026-06-21,P08,2
2026-06-22,P08,3
2026-06-23,P08,3
2026-06-24,P08,8
2026-06-25,P08,3
2026-06-26,P08,6
2026-06-27,P08,4
2026-06-28,P08,7
2026-06-29,P08,6
2026-06-30,P08,3
2026-07-01,P08,4
2026-07-02,P08,2
2026-07-03,P08,4
2026-07-04,P08,4
2026-07-05,P08,3
2026-07-06,P08,1
2026-07-07,P08,3
2026-07-08,P08,5
2026-07-09,P08,4
2026-07-10,P08,9
2026-07-11,P08,9
2026-07-12,P08,7
2026-07-13,P08,1
2026-07-14,P08,6
2026-07-15,P08,3
2026-07-16,P08,4
2026-07-17,P08,3
2026-07-18,P08,3
2026-07-19,P08,5
2026-07-20,P08,0
2026-07-21,P08,6
2026-07-22,P08,7
2026-07-23,P08,4
2026-07-24,P08,1
2026-07-25,P08,3
2026-07-26,P08,3
2026-07-27,P08,2
2026-07-28,P08,2
2026-07-29,P08,4
2026-07-30,P08,3
2026-07-31,P08,3
2026-08-01,P08,4
2026-08-02,P08,0
2026-08-03,P08,2
2026-08-04,P08,4
2026-08-05,P08,2
2026-08-06,P08,2
2026-08-07,P08,8
2026-08-08,P08,2
2026-08-09,P08,3
2026-08-10,P08,3
2026-08-11,P08,1
2026-08-12,P08,7
2026-08-13,P08,8
2026-08-14,P08,5
2026-08-15,P08,4
2026-08-16,P08,4
2026-08-17,P08,1
2026-08-18,P08,5
2026-08-19,P08,5
2026-08-20,P08,2
2026-08-21,P08,6
2026-08-22,P08,8
2026-08-23,P08,2
2026-08-24,P08,5
2026-08-25,P08,2
2026-08-26,P08,0
2026-08-27,P08,0
2026-08-28,P08,3
2026-08-29,P08,8
2026-08-30,P08,2
2026-08-31,P08,6
2026-09-01,P08,5
2026-09-02,P08,3
2026-09-03,P08,2
2026-09-04,P08,3
2026-09-05,P08,2
2026-09-06,P08,3
2026-09-07,P08,4
2026-09-08,P08,4
2026-09-09,P08,7
2026-09-10,P08,8
2026-09-11,P08,6
2026-09-12,P08,3
2026-09-13,P08,3
2026-09-14,P08,2
2026-09-15,P08,5
2026-09-16,P08,3
2026-09-17,P08,1
2026-09-18,P08,4
2026-09-19,P08,2
2026-09-20,P08,6
2026-09-21,P08,1
2026-09-22,P08,5
2026-09-23,P08,1
2026-09-24,P08,5
2026-09-25,P08,2
2026-09-26,P08,7
2026-09-27,P08,3
2026-09-28,P08,5
2026-09-29,P08,3
2026-09-30,P08,2
2026-10-01,P08,3
2026-10-02,P08,4
2026-10-03,P08,4
2026-10-04,P08,3
2026-10-05,P08,1
2026-10-06,P08,7
2026-10-07,P08,5
2026-10-08,P08,3
2026-10-09,P08,1
2026-10-10,P08,2
2026-10-11,P08,3
2026-10-12,P08,2
2026-10-13,P08,1
2026-10-14,P08,5
2026-10-15,P08,5
2026-10-16,P08,3
2026-10-17,P08,4
2026-10-18,P08,3
2026-10-19,P08,2
2026-10-20,P08,9
2026-10-21,P08,3
2026-10-22,P08,3
2026-10-23,P08,8
2026-10-24,P08,5
2026-10-25,P08,2
2026-10-26,P08,3
2026-10-27,P08,6
2026-10-28,P08,2
2026-10-29,P08,3
2026-10-30,P08,2
2026-10-31,P08,2
